title,source,date,url,abstract,abstract_zh,matched_topics,relevance_score,novelty_score,why_it_matters,analysis_zh,category,doi,arxiv_id,pubmed_id
Causal Prediction of TP53 Variant Pathogenicity Using a Perturbation-Informed Protein Language Model.,PubMed,2026-04-09T00:00:00+00:00,https://pubmed.ncbi.nlm.nih.gov/41955512/,"Accurate prediction of variant functional impact is crucial for understanding human diseases, particularly for cancer-related genes such as TP53. Advances in high-throughput mutational assays have enhanced variant effect prediction (VEP), but missense classification remains challenging due to the limitations of broad, non-gene-specific models. Here we present CaVepP53, a TP53-specific predictor fine-tuned on perturbation-based experimental variants. The model not only classifies mutations but also quantifies their pathogenicity by calculating Euclidean distances between the wild-type and mutant embeddings and deriving confidence scores through logistic transformation. Benchmarking demonstrates that CaVepP53 significantly outperforms general-purpose models, such as AlphaMissense (AM) and PrimateAI-3D, achieving higher accuracy, precision, and F1-score in predicting pathogenic mutations. Competitive growth assay validation of 22 mutations further confirms CaVepP53's robustness, including 7 functional novel variants absent in the ClinVar database. Thus, by integrating protein language models with experimentally validated functional data, our approach enables accurate, interpretable VEP for TP53, overcoming limitations of predictors trained solely on evolutionary or clinical associations. We further extended this framework to five additional cancer-related genes (VHL, ATM, BRCA1, RAD51C, and BAP1), establishing a generalizable framework for gene-specific VEP with potential applications in precision medicine.",准确预测变异的功能影响对于理解人类疾病（特别是 TP53 等癌症相关基因）至关重要。尽管高通量突变分析提升了变异效应预测（VEP）能力，但通用型模型在错义突变分类上仍存在局限。本研究开发了 CaVepP53，这是一种针对 TP53 特化的预测模型，通过扰动实验变异数据对蛋白质语言模型（PLM）进行微调。该模型通过计算野生型与突变体嵌入向量之间的欧几里得距离，并结合逻辑变换推导置信度评分，实现对突变致病性的量化分类。基准测试表明，CaVepP53 在准确率、精确度和 F1 分数上显著优于 AlphaMissense (AM) 和 PrimateAI-3D。通过 22 个突变的竞争性生长实验（包括 7 个 ClinVar 数据库未收录的新功能变异）验证了模型的稳健性。该框架已成功扩展至 VHL、ATM、BRCA1 等五个癌症相关基因，为基因特异性 VEP 提供了可推广的精准医学方案。,pathogenomics;sequencing_bioinformatics;foundation_model_agent,10.0,5.75,这篇工作更像方法创新，可能直接关联 metagenomics、long-read 或 pathogen identification 流程优化。,"## 核心内容
该研究开发了名为 **CaVepP53** 的基因特异性变异效应预测模型。其核心逻辑是利用**扰动实验数据（perturbation-based experimental variants）**对预训练蛋白质语言模型进行微调，通过计算突变前后蛋白质嵌入向量（embeddings）的**欧几里得距离**来量化变异的功能影响，并将其转化为致病性评分。

## 为什么相关
本研究属于**基因组学与 AI（Foundation Models）**的深度交叉。虽然研究对象是人类癌症基因 TP53，但其提出的“实验数据驱动的 PLM 微调框架”对于**病原基因组学**具有高度借鉴意义。例如，在耐药性突变预测或病毒进化监测中，可利用类似的扰动感知模型来预测病原体关键蛋白（如 RNA 聚合酶或表面抗原）的功能演变，优于传统的仅依赖进化保守性的模型。

## 新颖度判断
**中等偏高（5.75）**。其创新点在于从“通用型预测”转向“**基因特异性（Gene-specific）**”预测，并引入了基于嵌入空间距离的因果预测机制。相比于仅依赖进化序列比对的传统方法，该模型整合了功能扰动实验数据，解决了通用模型（如 AlphaMissense）在特定关键基因上精度不足的问题。

## 方法与证据
- **模型构建**：基于蛋白质语言模型，利用实验扰动数据微调，采用欧几里得距离衡量野生型与突变体的差异。
- **性能对比**：在 TP53 变异分类任务中，其准确率、精确度和 F1 分数均超过了 **AlphaMissense (AM)** 和 **PrimateAI-3D**。
- **实验验证**：通过**竞争性生长实验（Competitive growth assay）**验证了 22 个突变，其中成功识别出 7 个 ClinVar 数据库中尚未记录的新功能变异。
- **泛化能力**：框架被扩展至 VHL、ATM、BRCA1、RAD51C 和 BAP1 另外五个基因，证明了方法的通用性。

## 应用价值
1. **临床诊断**：提升 ClinVar 等数据库中“意义不明变异（VUS）”的解读能力，特别是针对 TP53 等高频突变癌症基因。
2. **药物研发**：通过量化变异对蛋白功能的影响，辅助识别潜在的药物靶点或耐药突变位点。
3. **方法论迁移**：该框架可直接迁移至病原微生物的表型预测，优化长读长测序（Long-read）后的变异功能注释流程。

## 局限与风险
- **数据依赖性**：模型性能高度依赖于“扰动实验数据”，对于缺乏大规模高通量突变扫描数据的蛋白质，该方法难以直接应用。
- **计算成本**：摘要未说明针对每个基因进行单独微调的计算资源消耗情况。
- **复杂变异**：摘要仅提到错义突变（missense），未明确说明对插入、缺失（indels）或多位点联合突变的预测效果。",methods,10.1002/advs.202516332,,41955512
A survey on large language models in biology and chemistry.,PubMed,2026-04-08T00:00:00+00:00,https://pubmed.ncbi.nlm.nih.gov/41258076/,"Artificial intelligence (AI) is reshaping biomedical research by providing scalable computational frameworks suited to the complexity of biological systems. Central to this revolution are bio/chemical language models, including large language models, which are reconceptualizing molecular structures as a form of 'language' amenable to advanced computational techniques. Here we critically examine the role of these models in biology and chemistry, tracing their evolution from molecular representation to molecular generation and optimization. This review covers key molecular representation strategies for both biological macromolecules and small organic compounds-ranging from protein and nucleotide sequences to single-cell data, string-based chemical formats, graph-based encodings and three-dimensional point clouds-highlighting their respective advantages and inherent limitations in AI applications. The discussion further explores core model architectures, such as bidirectional encoder representations from transformers-like encoders, generative pretrained transformer-like decoders and encoder-decoder transformers, alongside their sophisticated pretraining strategies such as self-supervised learning, multitask learning and retrieval-augmented generation. Key biomedical applications, spanning protein structure and function prediction, de novo protein design, genomic analysis, molecular property prediction, de novo molecular design, reaction prediction and retrosynthesis, are explored through representative studies and emerging trends. Finally, the review considers the emerging landscape of agentic and interactive AI systems, showcasing briefly their potential to automate and accelerate scientific discovery while addressing critical technical, ethical and regulatory considerations that will shape the future trajectory of AI in biomedicine.",人工智能正通过提供适应生物系统复杂性的可扩展计算框架重塑生物医学研究。其核心是生物/化学语言模型（包括大语言模型），这些模型将分子结构重新概念化为一种适用于先进计算技术的“语言”。本文批判性地审视了这些模型在生物学和化学中的作用，追踪了其从分子表示到分子生成与优化的演变。综述涵盖了生物大分子和有机小分子的关键表示策略，包括蛋白质和核苷酸序列、单细胞数据、基于字符串的化学格式、基于图的编码以及三维点云，并分析了其在AI应用中的优劣。讨论进一步探讨了核心架构（如BERT类编码器、GPT类解码器和Transformer编码器-解码器）及其预训练策略（如自监督学习、多任务学习和检索增强生成）。通过代表性研究探讨了蛋白质结构与功能预测、从头蛋白质设计、基因组分析、分子性质预测、反应预测和逆合成等关键应用。最后，综述审视了新兴的智能体（Agentic）和交互式AI系统在自动化科学发现中的潜力，并讨论了技术、伦理和监管挑战。,foundation_model_agent,7.15,5.75,这篇工作偏基础模型/Agent方向，可能影响病原检测任务的建模上限，值得关注其任务定义与评测设计。,"## 核心内容
该综述系统性地梳理了大型语言模型（LLM）在生物学和化学领域的演进路径。核心逻辑围绕“分子即语言”的理念，详细介绍了从蛋白质、核苷酸序列到单细胞数据及三维点云的多种分子表示策略。文章重点分析了BERT、GPT等Transformer变体架构在分子生成、优化及功能预测中的应用，并前瞻性地讨论了具备自动化科学发现能力的智能体（Agentic AI）系统。

## 为什么相关
本研究与病原检测及基因组学高度相关。摘要明确提到了“基因组分析（genomic analysis）”和“蛋白质结构与功能预测（protein structure and function prediction）”，这些是病原体鉴定、毒力因子分析及耐药性预测的基础工具。此外，文中提到的“检索增强生成（RAG）”和“智能体系统（agentic systems）”为构建临床微生物学自动问答或实验设计助手提供了理论框架。

## 新颖度判断
新颖度中等偏上。虽然LLM综述较多，但本文的特色在于其跨学科的广度，不仅覆盖了传统的序列数据，还整合了“单细胞数据（single-cell data）”和“三维点云（three-dimensional point clouds）”等复杂模态。同时，将“智能体（agentic AI）”作为未来趋势单独讨论，反映了当前AI从单纯预测向主动科学探索转型的最新动向。

## 方法与证据
本文属于综述性质，通过汇总代表性研究来提供证据。提及的方法论包括：
- **表示策略**：基于字符串的化学格式、图编码、3D点云。
- **模型架构**：双向编码器（BERT-like）、生成式预训练解码器（GPT-like）及编码器-解码器结构。
- **训练策略**：自监督学习（SSL）、多任务学习和检索增强生成（RAG）。
- **应用案例**：涵盖了从头蛋白质设计（de novo protein design）、反应预测和逆合成等具体任务。

## 应用价值
对于病原生信领域，该综述的价值在于提供了多模态数据建模的路线图。例如，利用“核苷酸序列”模型进行病毒进化分析，或利用“从头蛋白质设计”开发新型抗菌肽。提及的“自动化科学发现”潜力，预示着未来可能出现能够自主设计实验方案并分析病原基因组的AI Agent。

## 局限与风险
摘要指出该领域面临“技术、伦理和监管考虑（technical, ethical and regulatory considerations）”，但未详细列举具体的模型幻觉率、计算资源消耗或特定生物任务中的准确率瓶颈。作为综述，其结论依赖于所引用研究的质量，摘要未说明是否对现有模型的偏见或数据泄露问题进行了定量评估。",foundation_model,10.1038/s12276-025-01583-1,,41258076
Leveraging Open-Source Large Language Models to Identify Undiagnosed Patients with Rare Genetic Aortopathies,medRxiv,2026-04-07T00:00:00+00:00,https://www.medrxiv.org/content/10.1101/2025.09.05.25333227v2,"Rare genetic aortopathies are frequently undiagnosed due to phenotypic heterogeneity, and delayed diagnosis can lead to fatal cardiac outcomes. While genetic testing can enable early proactive interventions, it relies on primary care physicians to recognize a genetic basis for symptoms and then refer patients to clinical genetics. Broad-scale screening methods are needed to identify cases that do not fit an obvious diagnostic pattern. Clinical notes, rich in narrative details, may support the automated flagging of patients for genetic testing. Given the strength of Large Language Models (LLMs) in processing unstructured text, we developed an open-source LLM-enabled genetic testing recommendation pipeline, which leverages retrieval augmented generation (RAG) on curated genetic aortopathy-related corpora to utilize relevant clinical knowledge for identifying patients likely to benefit from genetic testing. The pipeline was validated using 22,510 patient progress notes from 500 individuals (250 cases, 250 controls) in the Penn Medicine BioBank, and successfully categorized 425 out of 499 patients, with one case requiring further clinician evaluation due to incomplete information. The pipeline achieved a patient-level recommendation accuracy of 0.834, precision of 0.835, sensitivity of 0.831, specificity of 0.836, F1-score of 0.833, and F3-score of 0.832. Our LLM-enabled workflow integrating RAG showed strong performance in recommending genetic testing for patients with rare genetic aortopathies. These findings illustrate the feasibility of using open-source LLMs to support identification of patients who may benefit from genetic testing based on free-text clinical notes, providing a potential decision-support tool to assist clinicians in earlier recognition of rare genetic disease risks.","罕见遗传性主动脉病由于表型异质性常被漏诊，延迟诊断可能导致致命的心脏后果。虽然基因检测可实现早期预防性干预，但其高度依赖初级保健医生对遗传症状的识别。本研究开发了一种基于开源大语言模型（LLM）的基因检测推荐流程，利用检索增强生成（RAG）技术结合精选的遗传性主动脉病语料库，从非结构化临床文本中提取相关知识以识别潜在受益患者。该流程在宾夕法尼亚大学生物样本库（Penn Medicine BioBank）的 500 名受试者（250 例病例，250 例对照）共 22,510 份病程记录上进行了验证。结果显示，该流程成功对 499 名患者中的 425 名进行了分类，实现了 0.834 的准确率、0.835 的精确度、0.831 的敏感性和 0.836 的特异性，F1 分数为 0.833。研究证明了利用开源 LLM 处理自由文本临床记录以辅助识别罕见遗传病风险的可行性，为临床早期识别提供了决策支持工具。",foundation_model_agent,7.15,0.75,这篇工作更接近临床/监测落地，适合评估其对快速识别、预警或治疗辅助的实际价值。,"## 核心内容
该研究开发并验证了一个基于开源大语言模型（LLM）和检索增强生成（RAG）技术的自动化流程，旨在通过分析非结构化临床病程记录，识别患有罕见遗传性主动脉病且应进行基因检测的患者。

## 为什么相关
本研究属于“基础模型与智能体（foundation_model_agent）”在临床基因组学中的典型应用。它解决了临床微生物学与遗传学中常见的“识别难”问题，通过 RAG 技术将 LLM 的自然语言处理能力与特定领域的医学知识库结合，直接服务于临床决策支持。

## 新颖度判断
新颖度中等偏上（0.75）。其创新点在于：1. 放弃了昂贵的闭源模型，采用开源 LLM 方案，更符合医疗数据隐私保护需求；2. 引入 RAG 架构来处理具有高度表型异质性的罕见病识别，而非单纯依靠模型内置知识。

## 方法与证据
- **数据规模**：使用了来自 Penn Medicine BioBank 的 500 名患者（250 例病例，250 例对照）的 22,510 份临床病程记录。
- **技术手段**：构建了集成 RAG 的开源 LLM 流程，利用精选的遗传性主动脉病语料库进行知识检索。
- **性能指标**：在患者层面，该流程达到了 0.834 的准确率、0.831 的敏感性和 0.836 的特异性。在 499 名患者中成功分类了 425 名，F1 分数为 0.833，F3 分数为 0.832。

## 应用价值
该工具可作为临床决策支持系统（CDSS）集成到电子病历中，自动筛查那些不符合明显诊断模式但隐藏在叙述性病历中的罕见遗传病患者，从而实现早期干预，减少致命心脏事件的发生。

## 局限与风险
- **数据完整性依赖**：摘要提到有 1 例因信息不全需要临床医生进一步评估，且有 74 名患者（499-425）未被明确分类，说明模型对低质量或缺失文本的鲁棒性仍有待提高。
- **泛化性未知**：实验仅针对遗传性主动脉病，摘要未说明该流程在其他罕见遗传病上的迁移效果。
- **开源模型选择**：摘要未具体说明使用的是哪款开源 LLM（如 Llama 3 或 Mistral），其计算资源消耗情况未提及。",clinical_application,10.1101/2025.09.05.25333227,,
Using Relative Risk Rankings to Understand Information Differences in Multimodal Prediction Models,medRxiv,2026-04-07T00:00:00+00:00,https://www.medrxiv.org/content/10.1101/2025.10.30.25339162v2,"Recent multimodal models increasingly combine heterogeneous clinical data, yet in practice raw modalities are often replaced by expert-written summaries for convenience. However, whether such representational substitution, such as replacing medical images with their expert-written reports, preserves prognostic information has not been systematically characterized. Quantifying such gaps is essential for identifying which representational modality is most informative for predictive modeling of patient outcomes. We investigated this question by comparing the predictive utility of chest radiographs (CXRs) and their paired radiology report text for 30-day post-discharge mortality prediction using vision-language models (VLMs). Using the discharge note summary as global clinical context at discharge, we augmented it with either the latest pre-discharge CXR or the corresponding radiology report. On a linked MIMIC-IV/MIMIC-CXR subset with paired inputs (n = 1,360), the discharge-note-plus-CXR model achieved the best performance (AUROC = 0.864), compared with the discharge-note-only model (AUROC = 0.831) and the discharge-note-plus-report model (AUROC = 0.813). To quantify the effect of modality substitution on predictive behavior, we measured Kendall's tau-based distances between predicted risk rankings. Inter-modality distances exceeded intra-modality distances, indicating that replacing CXRs with reports changes risk prioritization rather than merely reducing overall discrimination. Post hoc review by a radiologist further suggested that reports, as clinically oriented summaries, may not exhaustively document visually available prognostic cues that could contribute to model risk stratification. Overall, our findings suggest that expert-written reports may be imperfect prognostic proxies for raw images and that representational substitution should be evaluated using both discrimination and ranking agreement.","本研究探讨了在多模态临床预测模型中，使用专家撰写的摘要（如放射报告）替代原始模态数据（如医学影像）是否会损失预后信息。研究人员利用视觉语言模型（VLMs），针对出院后 30 天死亡率预测任务，对比了胸部 X 光片（CXRs）与其配对放射报告的预测效用。基于 MIMIC-IV/MIMIC-CXR 数据集的子集（n=1,360），研究以出院记录摘要为全局临床背景，分别加入 CXR 影像或放射报告进行增强。结果显示，“出院记录+CXR”模型性能最优（AUROC=0.864），优于“仅出院记录”模型（0.831）和“出院记录+报告”模型（0.813）。通过 Kendall's tau 距离测量预测风险排名的差异，发现模态间距离显著大于模态内距离，表明模态替代不仅降低了区分度，还改变了风险优先级。事后放射科评估证实，报告作为临床摘要，未能详尽记录影像中包含的所有预后线索。研究强调，在评估表征替代时，应综合考虑区分度和排名一致性。",foundation_model_agent,7.1,0.25,这篇工作更接近临床/监测落地，适合评估其对快速识别、预警或治疗辅助的实际价值。,"## 核心内容
该研究系统评估了在临床预测模型中，用文本摘要（放射报告）替代原始影像数据（CXR）对预后判断的影响。研究核心在于量化“表征替代”带来的信息损失，特别是针对出院后30天死亡率这一关键临床指标。

## 为什么相关
在病原学与临床微生物学领域，多模态数据（如显微镜影像、生化鉴定报告、临床症状描述）的整合是趋势。本文提出的“原始数据优于专家摘要”的观点，对于构建基于多模态大模型（VLM）的感染性疾病预警系统具有重要参考价值，提醒研究者不要过度依赖经过人工提炼的文本报告。

## 新颖度判断
新颖度较低（0.25）。虽然研究主题（多模态融合）是热点，但其核心结论——原始影像包含比文本报告更多的细微特征——在医学影像AI领域已是共识。其主要贡献在于引入了基于 Kendall's tau 的风险排名距离（Relative Risk Rankings）来量化这种差异，而非仅仅对比 AUROC。

## 方法与证据
- **数据规模**：使用了 MIMIC-IV 和 MIMIC-CXR 关联数据集中的 1,360 个配对样本。
- **模型架构**：采用视觉语言模型（VLMs），对比了三种组合：仅出院记录、出院记录+CXR、出院记录+报告。
- **关键指标**：
  - **区分度**：出院记录+CXR 的 AUROC（0.864）显著高于出院记录+报告（0.813）。
  - **排名一致性**：使用 Kendall's tau 测量风险排名，发现模态间距离（Inter-modality distances）更大，证明了预测逻辑的根本改变。
- **专家验证**：放射科医生复核发现报告中缺失了影像中存在的预后线索。

## 应用价值
为临床决策支持系统（CDSS）的开发提供了方法论指导。在资源允许的情况下，应优先将原始影像或原始生物信息学数据（如测序原始读段）输入模型，而非仅使用结构化报告，以捕获潜在的预后信号。

## 局限与风险
- **样本量限制**：n=1,360 的规模相对较小，可能存在过拟合或代表性不足的问题。
- **任务单一性**：仅针对 30 天死亡率预测，未验证在病原体识别或耐药性预测等其他临床任务中的普适性。
- **模型依赖**：结论可能受限于所选 VLM 模型的架构，摘要未说明具体使用的 VLM 模型名称。",clinical_application,10.1101/2025.10.30.25339162,,
spRefine denoises and imputes spatial transcriptomic data with a reference-free framework powered by genomic language model.,PubMed,2026-04-07T00:00:00+00:00,https://pubmed.ncbi.nlm.nih.gov/41633767/,"The analysis of spatial transcriptomic data is hindered by high noise levels and missing gene measurements, challenges that are further compounded by the higher cost of spatial data compared to traditional single-cell data. To overcome this challenge, we introduce spRefine, a deep learning framework that leverages genomic language models to jointly denoise and impute spatial transcriptomic data. Our results demonstrate that spRefine yields more robust cell- and spot-level representations after denoising and imputation, substantially improving data integration. In addition, spRefine serves as a strong framework for model pretraining and the discovery of novel biological signals, as highlighted by multiple downstream applications across data sets of varying scales. Notably, spRefine enhances the accuracy of spatial aging clock estimations and uncovers new aging-related relationships associated with key biological processes, such as neuronal function loss, which offers new insights for analyzing aging effect with spatial transcriptomics.","空间转录组数据分析常受限于高噪声水平和基因测量缺失，且其成本远高于传统单细胞数据。为解决这一挑战，研究者开发了 spRefine，这是一个利用基因组语言模型（Genomic Language Models, gLMs）对空间转录组数据进行联合去噪和插补的深度学习框架。该框架采用无参考（Reference-free）设计，实验结果表明，spRefine 在去噪和插补后能生成更稳健的细胞级和位点级表示，显著提升了数据整合效果。此外，spRefine 作为一个强有力的预训练框架，能够跨不同规模的数据集发现新的生物信号。值得注意的是，spRefine 提高了空间衰老时钟估计的准确性，并揭示了与神经元功能丧失等关键生物过程相关的新型衰老关系，为利用空间转录组学分析衰老效应提供了新见解。",foundation_model_agent,5.75,0.25,这篇工作更像方法创新，可能直接关联 metagenomics、long-read 或 pathogen identification 流程优化。,"## 核心内容
该研究推出了名为 **spRefine** 的深度学习框架，专门用于解决空间转录组（ST）数据中的高噪声和数据稀疏（缺失值）问题。其核心逻辑是利用**基因组语言模型（gLM）**的表征能力，在无需外部参考数据集的情况下，同时实现数据的去噪与插补，从而优化细胞和空间位点的特征提取。

## 为什么相关
本研究属于 **AI/LLM 与基因组学交叉领域**。它将预训练的语言模型架构（Genomic Language Model）引入到空间组学数据处理中，这与病原基因组表征、长读段测序数据纠错以及复杂生物样本的特征提取逻辑高度一致。对于临床微生物学而言，这种去噪技术可潜在用于提高低丰度病原体转录组检测的灵敏度。

## 新颖度判断
**中等偏高**。尽管摘要给出的新颖度评分较低（0.25），但其技术路径具有创新性：1. **无参考框架**：摆脱了对匹配单细胞转录组（scRNA-seq）参考集的依赖；2. **跨模态迁移**：将基因组语言模型应用于空间维度的表达谱修复，而非传统的统计学插补方法。

## 方法与证据
- **模型框架**：spRefine 深度学习框架，基于基因组语言模型。
- **任务类型**：联合去噪（Denoising）与插补（Imputation）。
- **实验证据**：摘要提到在“不同规模的数据集”上进行了验证。具体指标包括：增强了细胞/位点表示的稳健性、改善了数据整合质量。在特定应用中，该模型提升了**空间衰老时钟（Spatial aging clock）**的预测精度。
- **生物学发现**：发现了与**神经元功能丧失（Neuronal function loss）**相关的衰老信号，证明了模型挖掘深层生物学特征的能力。

## 应用价值
1. **数据预处理**：可作为空间转录组分析的标准预处理流程，降低实验成本对数据质量的影响。
2. **衰老研究**：通过更精确的空间衰老时钟，研究组织微环境随年龄变化的规律。
3. **预训练底座**：spRefine 可作为其他空间组学任务的预训练模型，加速下游生物信号的发现。

## 局限与风险
- **计算资源**：摘要未说明基因组语言模型在大规模空间数据集上的推理成本和内存消耗。
- **验证范围**：虽然提到了衰老和神经系统，但对于病原体感染等动态炎症环境下的表现，摘要未提供相关证据。
- **模型细节**：摘要未明确说明所使用的具体基因组语言模型架构（如基于 Transformer 的具体变体）。",methods,10.1101/gr.281001.125,,41633767
CRISPR/Cas12a: A Comprehensive Review from Structural Foundations to Applications in Nucleic Acid Precision Detection.,PubMed,2026-04-08T00:00:00+00:00,https://pubmed.ncbi.nlm.nih.gov/41889087/,"CRISPR/Cas12a technology, characterized by its distinctive trans-cleavage activity, has evolved beyond its gene-editing function to emerge as a powerful tool for molecular detection. This review systematically delineates its structural foundation and molecular mechanism, with a focus on how the technology converts specific nucleic acid recognition into cascade signal amplification. Its applications span pathogen diagnosis, species identification, food safety, and authentication of traditional Chinese medicines. Through integration with isothermal amplification and multimodal detection platforms, Cas12a has driven molecular diagnostics toward portability, visualization, and quantification. The review further discusses challenges related to sensitivity, quantitative accuracy, crRNA design, and standardization, while outlining future directions through convergence with cutting-edge technologies such as microfluidics and artificial intelligence, offering a forward-looking perspective for the development of next-generation precision biosensing platforms.",CRISPR/Cas12a 技术凭借其独特的反向切割（trans-cleavage）活性，已从基因编辑工具演变为强大的分子检测工具。本文系统阐述了 Cas12a 的结构基础与分子机制，重点探讨了该技术如何将特定核酸识别转化为级联信号放大。其应用涵盖病原体诊断、物种鉴定、食品安全及中药材鉴别。通过与等温扩增及多模态检测平台集成，Cas12a 推动了分子诊断向便携化、可视化和定量化方向发展。文章进一步讨论了在灵敏度、定量准确性、crRNA 设计及标准化方面的挑战，并展望了其与微流控和人工智能（AI）等前沿技术融合的未来方向，为开发下一代精准生物传感平台提供了前瞻性视角。,foundation_model_agent,3.05,0.25,这篇工作更接近临床/监测落地，适合评估其对快速识别、预警或治疗辅助的实际价值。,"## 核心内容
该综述系统性地梳理了 CRISPR/Cas12a 系统从蛋白质结构、分子水平的反向切割机制到核酸精准检测的应用全景，重点分析了其作为信号放大器在分子诊断中的技术演进。

## 为什么相关
该研究直接关联临床微生物学中的病原体快速诊断任务。对于 AI/LLM 领域，其提到的“crRNA 设计”和“与 AI 融合”是当前生成式模型在生物序列优化中的热点方向，有助于实现检测探针的自动化设计。

## 新颖度判断
新颖度较低（0.25）。作为一篇综述，其价值在于对现有 Cas12a 检测技术的整合（如等温扩增、多模态平台），而非提出原创性的生物学发现或 AI 算法。其 AI 相关性属于“弱交叉”，仅作为未来展望提及。

## 方法与证据
摘要提到了 Cas12a 的结构基础分析及其特有的反向切割活性。证据链涵盖了该技术在病原体诊断、物种鉴定、食品安全和中药鉴别中的实际应用案例。技术集成方面，重点提及了与等温扩增（isothermal amplification）和多模态检测平台的结合，以实现可视化和定量化产出。

## 应用价值
在临床和现场检测（POCT）中具有极高价值，特别是推动了检测设备的便携化。通过与微流控和 AI 结合，有望解决复杂样本中的高通量自动化分析问题，提升预警和辅助诊断的效率。

## 局限与风险
摘要明确指出该技术目前面临四大挑战：一是灵敏度（sensitivity）尚需优化；二是定量准确性（quantitative accuracy）不足；三是 crRNA 设计缺乏标准化流程；四是整体检测体系的标准化（standardization）有待完善。",clinical_application,10.1021/acs.jafc.5c16528,,41889087
